{
  "structured_restore_error": 3.0798228181083687e-06,
  "ttt_restore_error": 0.1013166606426239,
  "ratio": 32896.91213628086
}